Modèle,MSE,R2
LinearRegression,4558.864662092872,0.14434088934088318
RandomForest,5097.708893040963,0.04320452982781675
XGBoost,5165.639372351101,0.030454571708534384
Prophet,646.7370157810836,0.878613106382604
ARIMA,5442.168656731905,-0.02144756162565775
LSTM,106150.51930477028,-18.92352606989341
Holt-Winters,966.6749646735309,0.8185635455584541
